Unit_price,Quantity,Rating,Month,Hour,Branch_Cairo,Branch_Giza,City_Naypyitaw,City_Yangon,Customer_type_Normal,Gender_Male,Product_line_Fashion accessories,Product_line_Food and beverages,Product_line_Health and beauty,Product_line_Home and lifestyle,Product_line_Sports and travel,Payment_Credit card,Payment_Ewallet
74.69,7,9.1,1,13,False,False,False,True,False,False,False,False,True,False,False,False,True
15.28,5,9.6,3,10,False,True,True,False,True,False,False,False,False,False,False,False,False
46.33,7,7.4,3,13,False,False,False,True,True,False,False,False,False,True,False,True,False
58.22,8,8.4,1,20,False,False,False,True,False,False,False,False,True,False,False,False,True
86.31,7,5.3,2,10,False,False,False,True,False,False,False,False,False,False,True,False,True
85.39,7,4.1,3,18,False,True,True,False,False,False,False,False,False,False,False,False,True
68.84,6,5.8,2,14,False,False,False,True,False,False,False,False,False,False,False,False,True
73.56,10,8.0,2,11,False,True,True,False,False,False,False,False,False,True,False,False,True
36.26,2,7.2,1,17,False,False,False,True,False,False,False,False,True,False,False,True,False
54.84,3,5.9,2,13,True,False,False,False,False,False,False,True,False,False,False,True,False
14.48,4,4.5,2,18,True,False,False,False,False,False,True,False,False,False,False,False,True
25.51,4,6.8,3,17,True,False,False,False,False,False,False,False,False,False,False,False,False
46.95,5,7.1,2,10,False,False,False,True,False,False,False,False,False,False,False,False,True
43.19,10,8.2,2,16,False,False,False,True,False,False,False,True,False,False,False,False,True
71.38,10,5.7,3,19,False,False,False,True,False,False,False,False,True,False,False,False,False
93.72,6,4.5,1,16,True,False,False,False,False,False,False,False,False,False,True,False,False
68.93,7,4.6,3,11,False,False,False,True,False,False,False,False,True,False,False,True,False
72.61,6,6.9,1,10,False,False,False,True,False,False,False,False,False,False,True,True,False
54.67,3,8.6,1,18,False,False,False,True,False,False,False,True,False,False,False,True,False
40.3,2,4.4,3,15,True,False,False,False,False,False,False,False,False,True,False,False,True
86.04,5,4.8,2,11,False,True,True,False,False,False,False,False,False,False,False,False,True
87.98,3,5.1,3,10,True,False,False,False,False,False,False,False,True,False,False,False,True
33.2,2,4.4,3,12,True,False,False,False,False,False,False,False,False,True,False,True,False
34.56,5,9.9,2,11,False,False,False,True,False,False,False,False,False,False,False,False,True
88.63,3,6.0,3,17,False,False,False,True,False,False,False,False,False,False,True,False,True
52.59,8,8.5,3,19,False,False,False,True,False,False,False,False,False,True,False,True,False
33.52,1,6.7,2,15,True,False,False,False,False,False,True,False,False,False,False,False,False
87.67,2,7.7,3,12,False,False,False,True,False,False,True,False,False,False,False,True,False
88.36,5,9.6,1,19,True,False,False,False,False,False,False,True,False,False,False,False,False
24.89,9,7.4,3,15,False,False,False,True,False,False,False,False,True,False,False,False,False
94.13,5,4.8,2,19,True,False,False,False,False,False,True,False,False,False,False,True,False
78.07,9,4.5,1,12,True,False,False,False,False,False,False,False,False,False,True,False,False
83.78,8,5.1,1,14,True,False,False,False,False,False,False,False,False,False,True,False,False
96.58,2,5.1,3,10,False,False,False,True,False,False,False,False,True,False,False,True,False
99.42,4,7.5,2,10,False,True,True,False,False,False,False,True,False,False,False,False,True
68.12,1,6.8,1,12,False,True,True,False,False,False,False,False,False,False,True,False,True
62.62,5,7.0,3,19,False,False,False,True,False,False,False,False,False,False,True,False,True
60.88,9,4.7,1,17,False,False,False,True,False,False,False,False,False,False,False,False,True
54.92,8,7.6,3,13,False,True,True,False,False,False,False,False,True,False,False,False,True
30.12,8,7.7,3,13,True,False,False,False,False,False,False,False,False,True,False,False,False
86.72,1,7.9,1,18,True,False,False,False,False,False,False,False,False,True,False,False,True
56.11,2,6.3,2,10,False,True,True,False,False,False,False,False,False,True,False,False,False
69.12,6,5.6,2,13,True,False,False,False,False,False,False,False,False,False,True,False,False
98.7,8,7.6,3,20,False,True,True,False,False,False,False,True,False,False,False,False,False
15.37,2,7.2,3,19,False,True,True,False,False,False,False,False,True,False,False,False,False
93.96,4,9.5,3,18,True,False,False,False,False,False,False,False,False,False,False,False,False
56.69,9,8.4,2,17,True,False,False,False,False,False,False,False,True,False,False,True,False
20.01,9,4.1,2,15,True,False,False,False,False,False,False,True,False,False,False,False,True
18.93,6,8.1,2,12,True,False,False,False,False,False,False,False,False,False,False,True,False
82.63,10,7.9,3,17,False,True,True,False,False,False,True,False,False,False,False,False,True
91.4,7,9.5,2,10,False,True,True,False,False,False,False,True,False,False,False,False,False
44.59,5,8.5,2,15,False,False,False,True,False,False,False,True,False,False,False,False,False
17.87,4,6.5,3,14,True,False,False,False,False,False,True,False,False,False,False,False,True
15.43,1,6.1,1,15,False,True,True,False,False,False,True,False,False,False,False,True,False
16.16,2,6.5,3,11,True,False,False,False,False,False,False,False,False,True,False,False,True
85.98,8,8.2,2,19,False,True,True,False,False,False,False,False,False,False,False,False,False
44.34,2,5.8,3,11,False,False,False,True,False,False,False,False,False,True,False,False,False
89.6,8,6.6,2,11,False,False,False,True,False,False,False,False,True,False,False,False,True
72.35,10,5.4,1,15,False,False,False,True,False,False,False,False,False,True,False,False,False
30.61,6,9.3,3,20,False,True,True,False,False,False,False,False,False,False,False,False,False
24.74,3,10.0,2,17,False,True,True,False,False,False,False,False,False,False,True,True,False
55.73,6,7.0,2,10,False,True,True,False,False,False,False,False,False,True,False,False,True
55.07,9,10.0,2,13,True,False,False,False,False,False,False,False,False,False,True,False,True
15.81,10,8.6,3,12,False,False,False,True,False,False,False,False,False,False,True,True,False
75.74,4,7.6,2,14,True,False,False,False,False,False,False,False,True,False,False,False,False
15.87,10,5.8,3,16,False,False,False,True,False,False,False,False,True,False,False,False,False
33.47,2,6.7,2,15,False,True,True,False,False,False,False,False,True,False,False,False,True
97.61,6,9.9,1,15,True,False,False,False,False,False,True,False,False,False,False,False,True
78.77,10,6.4,1,10,False,False,False,True,False,False,False,False,False,False,True,False,False
18.33,1,4.3,2,18,False,False,False,True,False,False,False,False,True,False,False,False,False
89.48,10,9.6,1,12,False,True,True,False,False,False,False,True,False,False,False,True,False
62.12,10,5.9,2,16,False,True,True,False,False,False,True,False,False,False,False,False,False
48.52,3,4.0,3,18,True,False,False,False,False,False,False,True,False,False,False,False,True
75.91,6,8.7,3,18,False,True,True,False,False,False,False,False,False,False,False,False,False
74.67,9,9.4,1,10,False,False,False,True,False,False,False,False,False,True,False,False,True
41.65,10,5.4,1,17,False,True,True,False,False,False,False,False,False,False,False,True,False
49.04,9,8.6,1,14,False,True,True,False,False,False,True,False,False,False,False,True,False
20.01,9,5.7,1,15,False,False,False,True,False,False,True,False,False,False,False,True,False
78.31,10,6.6,3,16,False,True,True,False,False,False,False,True,False,False,False,False,True
20.38,5,6.0,1,18,False,True,True,False,False,False,False,False,True,False,False,False,False
99.19,6,5.5,1,14,False,True,True,False,False,False,False,False,True,False,False,True,False
96.68,3,6.4,1,19,True,False,False,False,False,False,False,True,False,False,False,False,True
19.25,8,6.6,1,18,False,True,True,False,False,False,False,True,False,False,False,False,True
80.36,4,8.3,2,18,False,True,True,False,False,False,False,True,False,False,False,True,False
48.91,5,6.6,3,10,False,True,True,False,False,False,False,False,False,False,True,False,False
83.06,7,4.0,3,14,False,True,True,False,False,False,False,False,False,False,True,False,True
76.52,5,9.9,3,10,False,True,True,False,False,False,True,False,False,False,False,False,False
49.38,7,7.3,3,20,False,False,False,True,False,False,False,True,False,False,False,True,False
42.47,1,5.7,1,16,False,False,False,True,False,False,False,False,False,False,True,False,False
76.99,6,6.1,2,17,True,False,False,False,False,False,False,False,True,False,False,False,False
47.38,4,7.1,1,10,False,True,True,False,False,False,False,False,False,True,False,False,False
44.86,10,8.2,1,19,False,True,True,False,False,False,False,False,False,False,True,False,True
21.98,7,5.1,1,16,False,False,False,True,False,False,False,False,False,False,True,False,True
64.36,9,8.6,3,12,True,False,False,False,False,False,False,False,True,False,False,True,False
89.75,1,6.6,2,20,False,True,True,False,False,False,False,False,True,False,False,True,False
97.16,1,7.2,3,20,False,False,False,True,False,False,False,False,False,False,False,False,True
87.87,10,5.1,3,10,True,False,False,False,False,False,False,False,True,False,False,False,True
12.45,6,4.1,2,13,False,True,True,False,False,False,False,False,False,False,False,False,False
52.75,3,9.3,3,10,False,False,False,True,False,False,False,True,False,False,False,False,True
82.7,6,7.4,3,18,True,False,False,False,False,False,False,False,False,True,False,False,False
48.71,1,4.1,3,19,False,True,True,False,False,False,True,False,False,False,False,False,False
78.55,9,7.2,3,13,False,True,True,False,False,False,True,False,False,False,False,False,False
23.07,9,4.9,2,11,False,True,True,False,False,False,False,False,False,False,False,False,False
58.26,6,9.9,3,16,False,False,False,True,False,False,False,True,False,False,False,False,False
30.35,7,8.0,3,18,True,False,False,False,False,False,False,False,True,False,False,False,False
88.67,10,7.3,1,14,False,False,False,True,False,False,False,False,False,False,False,False,True
27.38,6,7.9,1,20,False,True,True,False,False,False,True,False,False,False,False,True,False
62.13,6,7.4,3,20,False,False,False,True,False,False,False,False,False,False,True,False,False
33.98,9,4.2,3,10,False,True,True,False,False,False,False,True,False,False,False,False,False
81.97,10,9.2,3,14,False,True,True,False,False,False,False,False,False,False,False,False,False
16.49,2,4.6,2,11,True,False,False,False,False,False,False,False,False,False,True,False,True
98.21,3,7.8,2,10,False,True,True,False,False,False,False,False,True,False,False,True,False
72.84,7,8.4,2,12,True,False,False,False,False,False,True,False,False,False,False,False,False
58.07,9,4.3,1,20,False,False,False,True,False,False,False,False,False,True,False,False,True
80.79,9,9.5,2,20,False,True,True,False,False,False,False,False,False,True,False,True,False
27.02,3,7.1,3,13,False,True,True,False,False,False,True,False,False,False,False,True,False
21.94,5,5.3,3,12,True,False,False,False,False,False,True,False,False,False,False,False,True
51.36,1,5.2,1,15,True,False,False,False,False,False,True,False,False,False,False,False,True
10.96,10,6.0,2,20,False,False,False,True,False,False,False,True,False,False,False,False,True
53.44,2,4.1,1,20,True,False,False,False,False,False,False,False,False,True,False,False,True
99.56,8,5.2,2,17,False,False,False,True,False,False,False,False,False,False,False,True,False
57.12,7,6.5,1,12,False,True,True,False,False,False,False,False,False,False,True,True,False
99.96,9,4.2,3,17,True,False,False,False,False,False,False,False,False,False,True,True,False
63.91,8,4.6,3,19,False,True,True,False,False,False,False,False,False,True,False,True,False
56.47,8,7.3,3,14,True,False,False,False,False,False,True,False,False,False,False,False,True
93.69,7,4.5,3,18,False,False,False,True,False,False,False,False,False,True,False,True,False
32.25,5,9.0,1,13,False,False,False,True,False,False,False,False,False,False,True,False,False
31.73,9,5.9,1,16,False,True,True,False,False,False,True,False,False,False,False,True,False
68.54,8,8.5,1,15,False,True,True,False,False,False,False,True,False,False,False,False,True
90.28,9,7.2,2,11,True,False,False,False,False,False,False,False,False,False,True,False,True
39.62,7,7.5,1,13,True,False,False,False,True,False,True,False,False,False,False,False,False
92.13,6,8.3,3,20,False,False,False,True,False,False,False,False,False,False,True,False,False
34.84,4,7.4,2,18,True,False,False,False,True,False,False,False,False,False,True,False,False
87.45,6,8.8,2,14,True,False,False,False,False,False,False,False,False,False,False,True,False
81.3,6,5.3,3,16,False,True,True,False,True,False,False,False,True,False,False,False,True
90.22,3,6.2,2,19,False,True,True,False,True,False,True,False,False,False,False,False,False
26.31,5,8.8,1,20,False,False,False,True,True,False,False,False,False,False,False,True,False
34.42,6,9.8,2,15,False,False,False,True,False,False,False,False,False,True,False,False,False
51.91,10,8.2,2,12,True,False,False,False,True,False,False,False,False,False,True,False,False
72.5,8,9.2,3,19,False,False,False,True,True,False,False,False,False,False,True,False,True
89.8,10,5.4,1,13,False,True,True,False,False,False,False,False,False,False,True,True,False
90.5,10,8.1,1,13,False,True,True,False,False,True,False,False,True,False,False,False,False
68.6,10,9.1,2,19,False,True,True,False,False,False,False,False,True,False,False,False,False
30.41,1,8.4,2,10,False,True,True,False,False,False,False,True,False,False,False,True,False
77.95,6,8.0,1,16,False,False,False,True,True,False,False,False,False,True,False,False,True
46.26,6,9.5,3,17,False,True,True,False,True,False,False,False,True,False,False,True,False
30.14,10,9.2,2,12,False,False,False,True,False,False,True,False,False,False,False,False,True
66.14,4,5.6,3,12,False,True,True,False,True,True,False,False,True,False,False,True,False
71.86,8,6.2,3,15,True,False,False,False,False,True,False,False,False,True,False,True,False
32.46,8,4.9,3,13,False,False,False,True,True,True,False,False,True,False,False,True,False
91.54,4,4.8,3,19,True,False,False,False,False,False,True,False,False,False,False,True,False
34.56,7,7.3,3,16,False,True,True,False,False,True,False,False,False,False,True,True,False
83.24,9,7.4,1,11,False,False,False,True,True,True,True,False,False,False,False,True,False
16.48,6,9.9,2,18,False,True,True,False,True,False,False,True,False,False,False,False,True
80.97,8,9.3,1,13,False,True,True,False,True,False,False,False,False,False,True,False,False
92.29,5,9.0,2,15,False,False,False,True,False,True,False,True,False,False,False,True,False
72.17,1,6.1,1,19,True,False,False,False,False,True,False,False,False,False,False,False,False
50.28,5,9.7,3,13,True,False,False,False,True,True,False,False,False,True,False,False,True
97.22,9,6.0,3,14,True,False,False,False,False,True,False,False,True,False,False,False,True
93.39,6,10.0,3,19,True,False,False,False,True,True,False,False,False,False,True,False,True
43.18,8,8.3,1,19,False,True,True,False,True,False,False,True,False,False,False,True,False
63.69,1,6.0,2,16,False,False,False,True,True,True,False,False,False,False,True,False,False
45.79,7,7.0,3,19,False,False,False,True,True,True,False,True,False,False,False,True,False
76.4,2,6.5,1,19,False,True,True,False,True,True,False,False,False,False,True,False,True
39.9,10,5.9,2,15,True,False,False,False,True,True,False,True,False,False,False,True,False
42.57,8,5.6,2,14,True,False,False,False,False,True,False,False,True,False,False,False,True
95.58,10,4.8,1,13,False,True,True,False,True,True,False,False,False,True,False,False,False
98.98,10,8.7,2,16,False,False,False,True,True,True,True,False,False,False,False,True,False
51.28,6,6.5,1,16,False,False,False,True,True,True,False,True,False,False,False,False,False
69.52,7,8.5,2,15,False,False,False,True,False,True,False,False,False,False,True,True,False
70.01,5,5.5,1,11,False,False,False,True,True,True,False,False,True,False,False,False,True
80.05,5,9.4,1,12,True,False,False,False,False,True,False,True,False,False,False,True,False
20.85,8,6.3,3,19,False,True,True,False,True,True,False,False,False,False,False,False,False
52.89,6,9.8,1,17,True,False,False,False,False,True,False,False,False,False,False,True,False
19.79,8,8.7,1,12,True,False,False,False,True,True,False,True,False,False,False,False,True
33.84,9,8.8,3,16,False,False,False,True,False,True,False,False,False,True,False,False,True
22.17,8,9.6,3,17,False,False,False,True,False,True,False,True,False,False,False,True,False
22.51,7,4.8,2,10,False,True,True,False,True,False,True,False,False,False,False,True,False
73.88,6,4.4,3,19,False,False,False,True,True,True,False,True,False,False,False,False,True
86.8,3,9.9,1,16,False,True,True,False,False,True,False,False,True,False,False,False,True
64.26,7,5.7,2,10,False,True,True,False,True,True,True,False,False,False,False,False,False
38.47,8,7.7,1,11,False,True,True,False,False,True,False,True,False,False,False,False,False
15.5,10,8.0,3,10,False,False,False,True,False,True,False,False,False,False,True,False,True
34.31,8,5.7,1,15,False,True,True,False,True,True,False,False,True,False,False,False,True
12.34,7,6.7,3,11,False,False,False,True,True,False,False,False,False,False,True,True,False
18.08,3,8.0,3,19,True,False,False,False,False,True,False,True,False,False,False,False,True
94.49,8,7.5,3,19,True,False,False,False,False,False,False,False,False,True,False,False,True
46.47,4,7.0,2,10,True,False,False,False,False,True,False,False,False,True,False,False,False
74.07,1,9.9,2,12,False,False,False,True,True,True,False,False,False,True,False,False,True
69.81,4,5.9,1,20,False,True,True,False,True,False,False,False,False,True,False,True,False
77.04,3,7.2,2,10,True,False,False,False,True,False,False,False,False,True,False,True,False
73.52,2,4.6,1,13,True,False,False,False,True,False,True,False,False,False,False,False,True
87.8,9,9.2,3,19,False,True,True,False,True,False,False,True,False,False,False,False,False
25.55,4,5.7,1,20,True,False,False,False,True,True,False,False,False,True,False,False,True
32.71,5,9.9,3,11,False,False,False,True,True,True,False,False,False,False,False,True,False
74.29,1,5.0,1,19,False,True,True,False,False,False,True,False,False,False,False,False,False
43.7,2,4.9,3,18,False,True,True,False,False,True,False,False,True,False,False,False,False
25.29,1,6.1,3,10,False,False,False,True,True,False,False,False,False,True,False,False,True
41.5,4,8.2,3,19,False,True,True,False,True,True,False,False,True,False,False,True,False
71.39,5,5.5,2,19,False,True,True,False,False,False,False,True,False,False,False,True,False
19.15,6,6.8,1,10,False,True,True,False,False,False,False,False,False,False,True,True,False
57.49,4,6.6,3,11,True,False,False,False,False,False,False,False,False,False,False,False,False
61.41,7,9.8,1,10,False,True,True,False,True,True,False,False,False,False,False,False,False
25.9,10,8.7,2,14,True,False,False,False,False,True,False,False,True,False,False,False,True
17.77,5,5.4,2,12,True,False,False,False,False,True,False,False,False,True,False,True,False
23.03,9,7.9,1,12,False,False,False,True,True,False,False,False,True,False,False,False,True
66.65,9,9.7,1,18,False,True,True,False,False,False,False,False,False,False,False,True,False
28.53,10,7.8,3,17,False,True,True,False,False,False,False,False,False,True,False,False,True
30.37,3,5.1,3,13,True,False,False,False,True,False,True,False,False,False,False,False,True
99.73,9,6.5,3,19,True,False,False,False,True,False,False,False,False,False,False,True,False
26.23,9,5.9,1,20,False,False,False,True,True,True,False,False,False,False,False,False,True
93.26,9,8.8,1,18,False,True,True,False,True,False,False,True,False,False,False,False,False
92.36,5,4.9,3,19,True,False,False,False,True,True,False,False,False,True,False,False,True
46.42,3,4.4,1,13,True,False,False,False,True,True,False,False,False,False,True,True,False
29.61,7,6.5,3,15,True,False,False,False,False,False,False,False,False,False,True,False,False
18.28,1,8.3,3,15,False,False,False,True,True,True,False,False,False,True,False,True,False
24.77,5,8.5,3,18,True,False,False,False,True,False,False,False,False,False,True,False,False
94.64,3,5.5,2,16,False,False,False,True,False,False,False,False,False,False,False,False,False
94.87,8,8.7,2,12,True,False,False,False,True,True,True,False,False,False,False,False,True
57.34,3,7.9,3,18,True,False,False,False,True,False,False,True,False,False,False,True,False
45.35,6,6.1,1,13,True,False,False,False,True,True,False,False,False,False,False,False,True
62.08,7,5.4,3,13,True,False,False,False,True,True,False,True,False,False,False,False,True
11.81,5,9.4,2,18,False,True,True,False,True,True,False,False,False,False,False,False,False
12.54,1,8.2,2,12,False,True,True,False,False,False,True,False,False,False,False,False,False
43.25,2,6.2,3,15,False,False,False,True,True,True,False,True,False,False,False,False,False
87.16,2,9.7,1,14,False,True,True,False,False,False,False,False,False,False,True,True,False
69.37,9,4.0,1,19,True,False,False,False,False,True,False,False,True,False,False,False,True
37.06,4,9.7,1,16,False,True,True,False,False,True,False,False,False,False,False,False,True
90.7,6,5.3,2,10,True,False,False,False,False,False,False,False,False,False,False,False,False
63.42,8,7.4,3,12,False,False,False,True,True,False,False,False,False,True,False,False,True
81.37,2,6.5,1,19,True,False,False,False,True,False,True,False,False,False,False,False,False
10.59,3,8.7,3,13,True,False,False,False,False,False,False,False,False,False,False,True,False
84.09,9,8.0,2,10,True,False,False,False,True,False,False,False,True,False,False,False,False
73.82,4,6.7,2,18,True,False,False,False,False,True,True,False,False,False,False,False,False
51.94,10,6.5,3,18,False,False,False,True,False,True,False,False,True,False,False,False,True
93.14,2,4.1,1,18,False,False,False,True,True,False,False,False,False,False,True,False,True
17.41,5,4.9,1,15,False,True,True,False,True,True,False,False,True,False,False,True,False
44.22,5,8.6,3,17,False,True,True,False,False,False,True,False,False,False,False,True,False
13.22,5,4.3,3,19,True,False,False,False,False,False,False,False,False,False,False,False,False
89.69,1,4.9,1,11,False,False,False,True,True,True,True,False,False,False,False,False,True
24.94,9,5.6,1,16,False,False,False,True,True,True,False,True,False,False,False,True,False
59.77,2,5.8,3,12,False,False,False,True,True,True,False,False,True,False,False,True,False
93.2,2,6.0,2,18,False,True,True,False,False,True,True,False,False,False,False,True,False
62.65,4,4.2,1,11,False,False,False,True,False,True,False,False,False,True,False,False,False
93.87,8,8.3,2,18,True,False,False,False,True,True,False,False,False,True,False,True,False
47.59,8,5.7,1,14,False,False,False,True,False,True,False,False,False,True,False,False,False
81.4,3,4.8,2,19,True,False,False,False,False,False,False,False,False,False,False,False,False
17.94,5,6.8,1,14,False,False,False,True,False,True,True,False,False,False,False,False,True
77.72,4,8.8,1,16,False,False,False,True,False,True,False,False,False,False,False,True,False
73.06,7,4.2,1,19,True,False,False,False,True,True,False,True,False,False,False,True,False
46.55,9,6.4,2,15,True,False,False,False,False,True,False,True,False,False,False,False,True
35.19,10,8.4,3,19,False,True,True,False,False,True,True,False,False,False,False,True,False
14.39,2,7.2,3,19,False,True,True,False,True,False,False,False,False,False,True,True,False
23.75,4,5.2,3,11,False,False,False,True,True,True,False,False,False,True,False,False,False
58.9,8,8.9,1,11,False,False,False,True,False,True,False,False,False,True,False,False,False
32.62,4,9.0,1,14,True,False,False,False,False,True,True,False,False,False,False,False,False
66.35,1,9.7,1,10,False,False,False,True,False,True,False,False,False,False,False,True,False
25.91,6,8.7,2,10,False,False,False,True,False,True,False,False,False,True,False,False,True
32.25,4,6.5,2,12,False,False,False,True,False,True,False,False,False,False,False,False,True
65.94,4,6.9,2,13,False,True,True,False,False,True,False,False,False,False,False,True,False
75.06,9,6.2,3,13,False,False,False,True,True,False,False,False,False,False,False,False,True
16.45,4,5.6,3,14,False,True,True,False,True,False,True,False,False,False,False,False,True
38.3,4,5.7,3,19,True,False,False,False,False,False,True,False,False,False,False,False,False
22.24,10,4.2,2,11,False,False,False,True,False,False,False,False,False,False,True,False,False
54.45,1,7.9,2,19,True,False,False,False,True,True,False,False,False,False,True,False,True
98.4,7,8.7,3,12,False,False,False,True,False,False,False,False,False,False,True,True,False
35.47,4,6.9,3,17,False,True,True,False,True,True,False,False,False,True,False,True,False
74.6,10,9.5,1,20,True,False,False,False,False,False,False,True,False,False,False,False,False
70.74,4,4.4,1,16,False,False,False,True,False,True,False,False,False,True,False,True,False
35.54,10,7.0,1,13,False,False,False,True,False,False,False,False,False,True,False,False,True
67.43,5,6.3,3,18,True,False,False,False,True,False,False,False,False,False,True,False,True
21.12,2,9.7,1,19,False,True,True,False,False,False,False,False,True,False,False,False,False
21.54,9,8.8,1,11,False,False,False,True,False,False,False,False,False,True,False,True,False
12.03,2,5.1,1,15,False,False,False,True,True,False,False,False,False,True,False,False,False
99.71,6,7.9,2,16,True,False,False,False,True,False,False,False,True,False,False,False,True
47.97,7,6.2,1,20,True,False,False,False,True,True,True,False,False,False,False,False,False
21.82,10,7.1,1,17,False,True,True,False,False,False,False,False,False,True,False,False,False
95.42,4,6.4,2,13,False,True,True,False,True,False,True,False,False,False,False,False,True
70.99,10,5.7,3,16,False,True,True,False,False,True,True,False,False,False,False,False,False
44.02,10,9.6,3,19,False,False,False,True,False,True,False,False,False,False,True,True,False
69.96,8,6.4,2,17,False,False,False,True,True,False,False,False,False,True,False,True,False
37.0,1,7.9,3,13,False,True,True,False,True,True,False,False,False,True,False,True,False
15.34,1,6.5,1,11,False,False,False,True,True,False,False,False,False,False,True,False,False
99.83,6,8.5,3,15,False,False,False,True,False,True,False,False,True,False,False,False,True
47.67,4,9.1,3,14,False,False,False,True,False,False,False,False,True,False,False,False,False
66.68,5,7.6,2,18,True,False,False,False,True,True,False,False,True,False,False,False,False
74.86,1,6.9,3,14,False,True,True,False,False,True,False,False,False,True,False,False,False
23.75,9,9.5,1,12,False,True,True,False,True,False,False,False,False,False,True,False,False
48.51,7,5.2,1,13,True,False,False,False,True,False,False,True,False,False,False,True,False
94.88,7,4.2,2,14,False,False,False,True,False,False,False,False,False,True,False,False,False
40.3,10,7.0,1,17,True,False,False,False,False,True,False,False,False,False,False,True,False
27.85,7,6.0,3,17,False,True,True,False,True,True,False,False,False,False,False,False,True
62.48,1,4.7,2,20,False,False,False,True,False,False,False,False,False,False,False,False,False
36.36,2,7.1,1,10,False,False,False,True,False,False,False,True,False,False,False,False,False
18.11,10,5.9,3,11,True,False,False,False,True,True,False,False,True,False,False,False,True
51.92,5,7.5,3,13,False,True,True,False,False,False,False,False,False,False,False,False,False
28.84,4,6.4,3,14,False,True,True,False,True,True,False,False,False,False,False,False,False
78.38,6,5.8,1,14,False,False,False,True,False,True,False,False,False,True,False,False,True
60.01,4,4.5,1,15,False,False,False,True,False,True,False,False,False,True,False,False,False
88.61,1,7.7,1,10,False,True,True,False,False,False,False,False,False,True,False,False,False
99.82,2,6.7,1,18,False,True,True,False,True,True,True,False,False,False,False,True,False
39.01,1,4.7,3,16,True,False,False,False,False,True,False,False,True,False,False,True,False
48.61,1,4.4,2,15,False,True,True,False,True,True,False,True,False,False,False,False,False
51.19,4,4.7,3,17,False,False,False,True,True,False,False,False,False,False,False,True,False
14.96,8,8.6,2,12,True,False,False,False,True,False,False,False,False,False,False,False,False
72.2,7,4.3,3,20,False,False,False,True,False,True,False,False,False,False,False,False,True
40.23,7,9.6,3,13,False,False,False,True,True,False,False,False,False,False,True,False,False
88.79,8,4.1,2,17,False,False,False,True,False,False,False,False,False,True,False,False,False
26.48,3,4.7,3,10,False,False,False,True,False,False,False,False,False,False,False,False,True
81.91,2,7.8,3,17,False,False,False,True,True,False,True,False,False,False,False,False,False
79.93,6,5.5,1,14,True,False,False,False,False,True,False,False,False,False,True,False,False
69.33,2,9.7,2,19,False,True,True,False,False,True,True,False,False,False,False,False,True
14.23,5,4.4,2,10,False,False,False,True,False,False,False,True,False,False,False,True,False
15.55,9,5.0,3,13,False,False,False,True,False,False,False,False,True,False,False,False,False
78.13,10,4.4,2,20,False,True,True,False,False,False,False,False,False,False,False,False,False
99.37,2,5.2,2,17,False,True,True,False,False,True,False,True,False,False,False,False,False
21.08,3,7.3,2,10,False,True,True,False,False,False,False,True,False,False,False,False,False
74.79,5,4.9,1,11,False,True,True,False,False,True,False,False,False,False,False,False,False
29.67,7,8.1,3,18,False,True,True,False,False,False,False,False,True,False,False,True,False
44.07,4,8.4,2,16,False,True,True,False,False,True,False,False,True,False,False,False,True
22.93,9,5.5,2,20,False,True,True,False,True,False,False,True,False,False,False,False,False
39.42,1,8.4,1,15,False,True,True,False,True,False,False,False,True,False,False,False,False
15.26,6,9.8,2,18,False,False,False,True,True,True,False,False,True,False,False,False,True
61.77,5,6.7,3,13,False,False,False,True,True,False,True,False,False,False,False,False,False
21.52,6,9.4,1,12,False,False,False,True,True,True,False,False,False,True,False,True,False
97.74,4,6.4,3,19,True,False,False,False,True,True,False,False,False,False,True,False,True
99.78,5,5.4,3,19,False,False,False,True,False,True,False,True,False,False,False,False,False
94.26,4,8.6,3,16,False,True,True,False,False,True,False,True,False,False,False,False,False
51.13,4,4.0,1,10,True,False,False,False,False,True,False,False,True,False,False,True,False
36.36,4,7.6,3,13,False,False,False,True,False,True,False,False,False,False,False,False,False
22.02,9,6.8,2,18,True,False,False,False,True,True,False,False,False,True,False,False,False
32.9,3,9.1,2,17,False,False,False,True,True,True,False,True,False,False,False,True,False
77.02,5,5.5,2,15,False,False,False,True,True,True,True,False,False,False,False,False,False
23.48,2,7.9,3,11,False,False,False,True,False,True,False,True,False,False,False,True,False
14.7,5,8.5,3,13,False,True,True,False,False,True,False,False,False,False,True,False,True
28.45,5,9.1,3,10,False,False,False,True,False,False,False,False,False,False,False,True,False
76.4,9,7.5,3,15,False,False,False,True,True,True,True,False,False,False,False,False,True
57.95,6,5.2,2,13,True,False,False,False,True,False,False,False,False,False,True,False,False
47.65,3,9.5,3,12,False,True,True,False,True,False,False,False,False,False,False,True,False
42.82,9,8.9,2,15,True,False,False,False,False,False,False,True,False,False,False,True,False
48.09,3,7.8,2,18,True,False,False,False,False,True,False,False,False,False,False,True,False
55.97,7,8.9,3,19,True,False,False,False,False,False,False,False,True,False,False,False,True
76.9,7,7.7,2,20,True,False,False,False,False,False,False,False,True,False,False,False,False
97.03,5,9.3,1,16,False,True,True,False,True,False,False,True,False,False,False,False,True
44.65,3,6.2,2,15,False,False,False,True,True,True,False,False,False,False,True,False,False
77.93,9,7.6,2,16,False,False,False,True,True,False,True,False,False,False,False,False,True
71.95,1,7.3,2,12,False,False,False,True,False,True,False,False,False,False,False,False,False
89.25,8,4.7,1,10,False,True,True,False,False,False,False,False,False,True,False,False,False
26.02,7,5.1,3,17,False,False,False,True,True,True,False,False,False,False,False,False,False
13.5,10,4.8,2,11,True,False,False,False,True,False,False,False,True,False,False,True,False
99.3,10,6.6,2,14,False,True,True,False,False,False,True,False,False,False,False,True,False
51.69,7,5.5,1,18,False,False,False,True,True,True,False,False,False,False,False,False,False
54.73,7,8.5,3,19,True,False,False,False,False,False,True,False,False,False,False,True,False
27.0,9,4.8,3,14,True,False,False,False,False,True,False,False,False,True,False,False,False
30.24,1,8.4,3,15,False,True,True,False,True,False,False,False,False,False,False,False,False
89.14,4,7.8,1,12,True,False,False,False,False,False,False,True,False,False,False,True,False
37.55,10,9.3,3,20,False,True,True,False,True,False,True,False,False,False,False,True,False
95.44,10,5.2,1,13,False,True,True,False,True,False,False,False,False,False,True,False,False
27.5,3,6.5,3,15,True,False,False,False,True,True,False,False,False,False,False,False,True
74.97,1,5.6,3,16,True,False,False,False,True,True,False,False,False,False,True,False,False
80.96,8,7.4,2,11,False,False,False,True,False,True,False,True,False,False,False,True,False
94.47,8,9.1,2,15,False,True,True,False,True,False,False,True,False,False,False,False,False
99.79,2,8.0,3,20,False,True,True,False,True,True,False,True,False,False,False,False,True
73.22,6,7.2,1,17,False,False,False,True,True,True,False,False,False,True,False,False,False
41.24,4,7.1,2,16,False,True,True,False,True,False,False,True,False,False,False,False,False
81.68,4,9.1,1,12,False,True,True,False,True,False,True,False,False,False,False,False,False
51.32,9,5.6,3,19,False,True,True,False,True,False,False,False,False,False,False,False,False
65.94,4,6.0,3,10,False,False,False,True,False,True,False,False,False,True,False,False,False
14.36,10,5.4,1,14,False,True,True,False,True,False,False,False,False,False,True,False,False
21.5,9,7.8,3,12,False,False,False,True,False,True,False,False,False,False,False,True,False
26.26,7,9.9,2,19,True,False,False,False,False,False,False,False,False,False,False,False,False
60.96,2,4.9,1,19,True,False,False,False,True,False,True,False,False,False,False,True,False
70.11,6,5.2,3,17,False,True,True,False,True,False,False,False,False,True,False,False,True
42.08,6,8.9,1,12,False,True,True,False,True,True,True,False,False,False,False,False,False
67.09,5,9.1,1,16,False,False,False,True,True,False,False,False,False,True,False,True,False
96.7,5,7.0,1,12,False,False,False,True,False,False,True,False,False,False,False,False,True
35.38,9,9.6,1,19,True,False,False,False,False,False,False,False,False,True,False,True,False
95.49,7,8.7,2,18,False,True,True,False,True,True,False,False,False,False,True,False,True
96.98,4,9.4,2,17,False,True,True,False,False,True,True,False,False,False,False,False,True
23.65,4,4.0,1,13,True,False,False,False,True,False,False,False,False,False,False,True,False
82.33,4,7.5,1,10,False,False,False,True,False,True,False,False,False,False,True,True,False
26.61,2,4.2,3,14,False,True,True,False,True,False,False,False,False,False,False,False,False
99.69,5,9.9,1,12,True,False,False,False,True,False,False,True,False,False,False,False,False
74.89,4,4.2,3,15,False,True,True,False,False,False,False,True,False,False,False,False,True
40.94,5,9.9,1,13,False,False,False,True,True,False,False,True,False,False,False,False,True
75.82,1,5.8,1,13,True,False,False,False,False,True,False,False,False,False,True,False,False
46.77,6,6.0,3,13,False,True,True,False,True,True,False,True,False,False,False,False,False
32.32,10,10.0,2,16,False,False,False,True,True,False,False,False,True,False,False,True,False
54.07,9,9.5,1,14,False,True,True,False,False,False,True,False,False,False,False,False,True
18.22,7,6.6,3,14,True,False,False,False,True,True,False,True,False,False,False,True,False
80.48,3,8.1,2,12,False,True,True,False,False,False,True,False,False,False,False,False,False
37.95,10,9.7,1,14,True,False,False,False,True,False,True,False,False,False,False,False,False
76.82,1,7.2,2,18,False,False,False,True,False,True,False,False,False,False,False,False,True
52.26,10,6.2,3,12,False,False,False,True,False,False,False,False,False,False,True,True,False
79.74,1,7.3,3,10,False,False,False,True,True,False,False,False,True,False,False,False,True
77.5,5,4.3,1,20,False,False,False,True,True,False,False,False,True,False,False,False,True
54.27,5,4.6,3,14,False,False,False,True,True,False,False,True,False,False,False,False,True
13.59,9,5.8,3,10,True,False,False,False,True,True,False,False,False,True,False,False,False
41.06,6,8.3,3,13,True,False,False,False,False,False,False,False,True,False,False,True,False
19.24,9,8.0,3,16,True,False,False,False,False,True,False,False,False,False,False,False,False
39.43,6,9.4,3,20,False,True,True,False,True,False,False,True,False,False,False,True,False
46.22,4,6.2,3,20,False,True,True,False,True,True,False,False,False,True,False,True,False
13.98,1,9.8,2,13,False,True,True,False,False,True,False,False,False,True,False,False,True
39.75,5,9.6,2,10,True,False,False,False,True,False,True,False,False,False,False,False,True
97.79,7,4.9,2,17,False,True,True,False,False,False,True,False,False,False,False,False,True
67.26,4,8.0,1,15,False,False,False,True,False,True,False,False,False,False,True,True,False
13.79,5,7.8,1,19,False,False,False,True,True,True,False,True,False,False,False,True,False
68.71,4,4.1,1,19,True,False,False,False,False,False,True,False,False,False,False,False,False
56.53,4,5.5,3,19,False,False,False,True,True,False,False,False,False,True,False,False,True
23.82,5,5.4,1,19,False,True,True,False,True,False,True,False,False,False,False,False,True
34.21,10,5.1,1,13,True,False,False,False,True,False,False,False,True,False,False,False,False
21.87,2,6.9,1,14,True,False,False,False,True,True,False,False,False,False,True,False,True
20.97,5,7.8,1,13,False,False,False,True,False,True,False,False,True,False,False,False,False
25.84,3,6.6,3,18,False,False,False,True,True,True,False,False,False,False,True,False,True
50.93,8,9.2,3,19,False,False,False,True,True,True,False,False,False,True,False,False,True
96.11,1,7.8,1,16,True,False,False,False,True,True,False,False,True,False,False,False,True
45.38,4,8.7,1,13,False,True,True,False,True,False,False,False,False,True,False,True,False
81.51,1,9.2,1,10,False,True,True,False,False,False,False,False,True,False,False,False,True
57.22,2,8.3,1,17,True,False,False,False,True,False,False,False,True,False,False,False,True
25.22,7,8.2,2,10,False,False,False,True,False,False,False,False,False,False,False,False,False
38.6,3,7.5,3,13,False,True,True,False,False,False,False,True,False,False,False,False,True
84.05,3,9.8,1,13,False,True,True,False,True,False,False,False,False,False,False,False,False
97.21,10,8.7,2,13,False,True,True,False,False,False,True,False,False,False,False,True,False
25.42,8,6.7,3,19,True,False,False,False,False,True,True,False,False,False,False,True,False
16.28,1,5.0,3,15,False,True,True,False,True,True,True,False,False,False,False,False,False
40.61,9,7.0,1,13,True,False,False,False,False,True,True,False,False,False,False,False,False
53.17,7,8.9,1,18,False,False,False,True,False,True,False,False,True,False,False,False,False
20.87,3,8.0,3,13,True,False,False,False,False,False,False,True,False,False,False,True,False
67.27,5,6.9,2,17,True,False,False,False,True,True,False,False,False,False,True,False,False
90.65,10,7.3,3,10,False,False,False,True,False,False,False,False,False,True,False,False,True
69.08,2,6.9,1,19,True,False,False,False,True,True,True,False,False,False,False,True,False
43.27,2,5.7,3,16,False,True,True,False,True,True,False,True,False,False,False,False,True
23.46,6,6.4,1,19,False,False,False,True,True,False,False,False,False,False,False,False,True
95.54,7,9.6,3,14,True,False,False,False,True,True,True,False,False,False,False,True,False
47.44,1,6.8,2,18,True,False,False,False,True,False,True,False,False,False,False,True,False
99.24,9,9.0,3,19,False,True,True,False,True,True,False,False,False,False,True,False,True
82.93,4,9.6,1,16,False,True,True,False,False,True,False,False,False,False,True,False,True
33.99,6,7.7,3,15,False,False,False,True,True,True,False,False,False,True,False,True,False
17.04,4,7.0,3,20,False,True,True,False,False,True,False,True,False,False,False,False,True
40.86,8,6.5,2,14,False,True,True,False,True,False,False,False,False,False,False,True,False
17.44,5,8.1,1,19,False,True,True,False,False,True,False,True,False,False,False,False,False
88.43,8,4.3,3,19,True,False,False,False,False,False,False,False,False,False,True,True,False
89.21,9,6.5,1,15,False,False,False,True,False,False,False,False,False,True,False,True,False
12.78,1,9.5,1,14,False,True,True,False,True,True,True,False,False,False,False,False,True
19.1,7,9.7,1,10,False,False,False,True,True,False,False,False,False,False,True,False,False
19.15,1,9.5,1,17,True,False,False,False,False,False,False,False,True,False,False,True,False
27.66,10,8.9,2,11,False,True,True,False,False,True,False,True,False,False,False,True,False
45.74,3,6.5,3,17,False,True,True,False,True,True,True,False,False,False,False,True,False
27.07,1,5.3,1,20,True,False,False,False,False,False,False,False,True,False,False,True,False
39.12,1,9.6,3,11,True,False,False,False,False,False,False,False,False,False,True,True,False
74.71,6,6.7,1,19,True,False,False,False,True,False,False,False,False,False,False,False,False
22.01,6,7.6,1,18,True,False,False,False,True,True,False,False,False,False,False,False,False
63.61,5,4.8,3,12,False,False,False,True,True,False,False,True,False,False,False,False,True
25.0,1,5.5,3,15,False,False,False,True,True,True,False,False,True,False,False,False,True
20.77,4,4.7,1,13,False,False,False,True,False,True,False,False,False,False,False,False,False
29.56,5,6.9,2,16,True,False,False,False,False,False,True,False,False,False,False,False,False
77.4,9,4.5,2,14,True,False,False,False,False,False,False,True,False,False,False,True,False
79.39,10,6.2,2,20,True,False,False,False,True,True,False,False,False,False,False,False,False
46.57,10,7.6,1,13,False,True,True,False,False,False,False,False,False,False,False,False,False
35.89,1,7.9,2,16,False,True,True,False,True,True,False,True,False,False,False,True,False
40.52,5,4.5,2,15,False,True,True,False,True,True,False,True,False,False,False,False,False
73.05,10,8.7,3,12,True,False,False,False,False,False,False,True,False,False,False,True,False
73.95,4,6.1,2,10,False,True,True,False,True,False,False,False,False,False,True,False,False
22.62,1,6.4,3,18,False,True,True,False,False,False,False,True,False,False,False,False,False
51.34,5,9.1,3,15,False,False,False,True,False,True,False,True,False,False,False,True,False
54.55,10,7.1,3,11,False,True,True,False,False,False,False,False,False,False,True,True,False
37.15,7,7.7,2,13,False,True,True,False,False,False,False,False,True,False,False,True,False
37.02,6,4.5,3,18,True,False,False,False,True,True,False,False,False,False,True,False,False
21.58,1,7.2,2,10,False,True,True,False,True,True,False,True,False,False,False,False,True
98.84,1,8.4,2,11,False,True,True,False,False,False,False,False,False,False,False,False,False
83.77,6,5.4,1,12,False,True,True,False,False,False,False,False,False,True,False,False,True
40.05,4,9.7,1,11,False,False,False,True,False,False,False,False,False,False,True,False,False
43.13,10,5.5,2,18,False,False,False,True,False,True,True,False,False,False,False,True,False
72.57,8,4.6,3,17,True,False,False,False,False,True,False,False,True,False,False,False,False
64.44,5,6.6,3,17,False,False,False,True,False,False,False,False,False,False,False,False,False
65.18,3,6.3,2,20,False,False,False,True,True,True,False,False,True,False,False,True,False
33.26,5,4.2,3,16,False,False,False,True,True,False,False,False,False,False,True,True,False
84.07,4,4.4,3,16,False,True,True,False,True,True,False,False,False,False,False,False,True
34.37,10,6.7,3,10,True,False,False,False,True,True,False,False,False,False,True,False,True
38.6,1,6.7,1,11,False,False,False,True,True,True,False,False,False,False,False,False,True
65.97,8,8.4,2,20,False,True,True,False,True,True,False,True,False,False,False,False,False
32.8,10,6.2,2,12,False,True,True,False,True,False,False,False,False,False,False,False,False
37.14,5,5.0,1,13,False,False,False,True,True,True,False,False,False,False,True,False,True
60.38,10,6.0,2,16,True,False,False,False,False,True,False,False,False,True,False,False,False
36.98,10,7.0,1,19,False,True,True,False,False,False,False,False,False,False,True,True,False
49.49,4,6.6,3,15,True,False,False,False,False,False,False,False,False,False,True,False,True
41.09,10,7.3,2,14,True,False,False,False,True,False,True,False,False,False,False,False,False
37.15,4,8.3,3,18,False,False,False,True,True,True,True,False,False,False,False,False,True
22.96,1,4.3,1,20,False,True,True,False,True,True,False,False,False,True,False,False,False
77.68,9,9.8,2,13,True,False,False,False,False,False,False,False,False,True,False,False,True
34.7,2,8.2,3,19,True,False,False,False,True,False,True,False,False,False,False,False,True
19.66,10,7.2,3,18,False,False,False,True,False,False,True,False,False,False,False,True,False
25.32,8,8.7,3,20,True,False,False,False,False,False,False,False,True,False,False,False,True
12.12,10,8.4,3,13,False,True,True,False,False,False,False,False,False,True,False,True,False
99.89,2,7.1,2,11,True,False,False,False,True,True,True,False,False,False,False,False,True
75.92,8,5.5,3,14,True,False,False,False,True,True,False,False,False,False,True,False,False
63.22,2,8.5,1,15,False,True,True,False,True,False,False,False,False,False,False,False,False
90.24,6,6.2,1,11,False,True,True,False,True,False,False,True,False,False,False,False,False
98.13,1,8.9,1,17,True,False,False,False,False,False,False,False,False,False,True,False,False
51.52,8,9.6,2,15,False,False,False,True,False,False,False,False,False,False,True,False,False
73.97,1,5.4,2,15,True,False,False,False,False,True,False,False,False,False,True,True,False
31.9,1,9.1,1,12,False,True,True,False,False,False,True,False,False,False,False,False,True
69.4,2,9.0,1,19,False,True,True,False,True,True,False,False,False,True,False,False,True
93.31,2,6.3,3,17,True,False,False,False,True,False,False,False,False,False,True,False,False
88.45,1,9.5,2,16,True,False,False,False,True,True,False,False,False,False,True,True,False
24.18,8,9.8,1,20,False,False,False,True,False,True,False,False,False,False,False,False,True
48.5,3,6.7,1,12,True,False,False,False,False,False,False,False,False,False,True,False,False
84.05,6,7.7,1,10,True,False,False,False,True,False,False,True,False,False,False,True,False
61.29,5,7.0,3,14,True,False,False,False,False,True,False,False,True,False,False,False,False
15.95,6,5.1,2,17,False,True,True,False,False,False,False,False,False,True,False,True,False
90.74,7,6.2,1,18,True,False,False,False,False,False,False,False,False,False,True,True,False
42.91,5,6.1,1,17,False,False,False,True,True,False,False,False,False,True,False,False,True
54.28,7,9.3,1,18,False,False,False,True,True,False,True,False,False,False,False,False,True
99.55,7,7.6,3,12,False,False,False,True,True,True,False,False,False,False,False,False,False
58.39,7,8.2,2,19,False,True,True,False,False,True,False,False,False,False,True,True,False
51.47,1,8.5,3,15,False,True,True,False,False,False,True,False,False,False,False,False,True
54.86,5,9.8,3,16,True,False,False,False,False,True,False,False,True,False,False,False,True
39.39,5,8.7,1,20,False,True,True,False,False,True,False,False,False,True,False,True,False
34.73,2,9.7,3,18,False,False,False,True,True,True,False,False,False,True,False,False,True
71.92,5,4.3,1,15,False,True,True,False,False,True,False,False,False,False,True,True,False
45.71,3,7.7,3,10,True,False,False,False,True,False,False,False,False,False,False,True,False
83.17,6,7.3,3,11,False,True,True,False,False,False,False,False,False,True,False,False,False
37.44,6,5.9,2,13,False,False,False,True,False,False,False,False,False,True,False,True,False
62.87,2,5.0,1,11,False,True,True,False,True,True,False,False,True,False,False,False,False
81.71,6,8.0,1,14,False,False,False,True,True,True,False,True,False,False,False,True,False
91.41,5,7.1,2,16,False,False,False,True,False,False,False,False,False,False,True,False,True
39.21,4,9.0,1,20,True,False,False,False,True,True,True,False,False,False,False,True,False
59.86,2,6.7,1,14,True,False,False,False,False,True,True,False,False,False,False,False,True
54.36,10,6.1,2,11,True,False,False,False,False,False,False,True,False,False,False,True,False
98.09,9,9.3,2,19,False,False,False,True,True,True,False,False,False,False,True,False,False
25.43,6,7.0,2,19,False,False,False,True,True,True,False,False,True,False,False,False,True
86.68,8,7.2,1,18,False,False,False,True,False,True,True,False,False,False,False,True,False
22.95,10,8.2,2,19,True,False,False,False,True,True,False,False,False,False,False,False,True
16.31,9,8.4,3,10,False,True,True,False,True,False,False,True,False,False,False,False,True
28.32,5,6.2,3,13,False,False,False,True,True,False,False,False,False,True,False,False,True
16.67,7,7.4,2,11,False,True,True,False,True,True,False,False,False,True,False,False,True
73.96,1,5.0,1,11,True,False,False,False,False,False,True,False,False,False,False,True,False
97.94,1,6.9,3,11,False,False,False,True,True,True,False,False,False,True,False,False,True
73.05,4,4.9,2,17,False,False,False,True,True,False,True,False,False,False,False,True,False
87.48,6,5.1,2,18,False,True,True,False,False,False,False,True,False,False,False,False,True
30.68,3,9.1,1,11,False,False,False,True,True,True,False,False,False,True,False,False,True
75.88,1,7.1,1,10,False,True,True,False,False,True,False,False,True,False,False,True,False
20.18,4,5.0,2,12,True,False,False,False,False,False,False,False,False,False,True,True,False
18.77,6,5.5,1,16,False,True,True,False,False,True,False,False,False,False,False,True,False
71.2,1,9.2,1,20,True,False,False,False,True,False,False,True,False,False,False,True,False
38.81,4,4.9,3,13,True,False,False,False,False,True,False,False,False,True,False,False,True
29.42,10,8.9,1,16,False,False,False,True,True,False,True,False,False,False,False,False,True
60.95,9,6.0,1,12,False,False,False,True,True,True,False,False,False,False,True,True,False
51.54,5,4.2,1,17,True,False,False,False,True,False,False,False,False,False,True,False,False
66.06,6,7.3,1,10,False,False,False,True,True,False,False,False,False,False,False,False,False
57.27,3,6.5,2,20,True,False,False,False,True,True,True,False,False,False,False,False,True
54.31,9,8.9,2,10,True,False,False,False,True,False,True,False,False,False,False,False,False
58.24,9,9.7,2,12,True,False,False,False,True,False,False,False,True,False,False,False,False
22.21,6,8.6,3,10,False,True,True,False,True,True,False,False,False,False,False,True,False
19.32,7,6.9,3,18,False,False,False,True,False,True,False,False,False,False,False,False,False
37.48,3,7.7,1,13,True,False,False,False,True,True,False,False,False,True,False,True,False
72.04,2,9.5,2,19,True,False,False,False,False,False,True,False,False,False,False,False,False
98.52,10,4.5,1,20,False,True,True,False,False,False,False,True,False,False,False,False,True
41.66,6,5.6,1,15,False,False,False,True,False,True,False,True,False,False,False,False,True
72.42,3,8.2,3,16,False,False,False,True,False,False,False,False,False,True,False,False,True
21.58,9,7.3,3,12,True,False,False,False,True,True,False,False,False,False,False,False,False
89.2,10,4.4,2,15,False,True,True,False,True,True,False,True,False,False,False,True,False
42.42,8,5.7,1,13,True,False,False,False,True,False,False,False,False,False,False,False,True
74.51,6,5.0,3,15,False,False,False,True,False,True,False,False,False,False,False,False,True
99.25,2,9.0,3,13,True,False,False,False,True,True,True,False,False,False,False,False,False
81.21,10,6.3,1,13,False,False,False,True,True,False,False,True,False,False,False,True,False
49.33,10,9.4,2,16,False,True,True,False,True,False,False,False,False,False,True,True,False
65.74,9,7.7,1,13,False,False,False,True,True,False,True,False,False,False,False,False,False
79.86,7,5.5,1,10,True,False,False,False,True,False,True,False,False,False,False,True,False
73.98,7,4.1,3,16,False,True,True,False,True,False,False,False,False,False,True,False,True
82.04,5,7.6,2,17,True,False,False,False,False,False,False,False,False,True,False,True,False
26.67,10,8.6,1,11,True,False,False,False,False,True,False,False,False,False,True,False,False
10.13,7,8.3,3,19,False,False,False,True,False,True,False,True,False,False,False,False,True
72.39,2,8.1,1,19,True,False,False,False,True,True,False,True,False,False,False,True,False
85.91,5,8.6,3,14,False,False,False,True,True,True,False,False,False,False,True,True,False
81.31,7,6.3,3,19,True,False,False,False,False,True,True,False,False,False,False,False,True
60.3,4,5.8,2,18,True,False,False,False,True,True,False,True,False,False,False,False,False
31.77,4,6.2,1,14,False,True,True,False,True,True,False,True,False,False,False,False,True
64.27,4,7.7,3,13,False,False,False,True,True,False,False,False,True,False,False,False,False
69.51,2,8.1,3,12,True,False,False,False,True,True,False,False,True,False,False,False,True
27.22,3,7.3,1,12,False,True,True,False,True,True,False,True,False,False,False,False,False
77.68,4,8.4,2,19,False,False,False,True,False,False,False,False,True,False,False,False,False
92.98,2,8.0,2,15,False,True,True,False,False,False,True,False,False,False,False,True,False
18.08,4,9.5,1,18,True,False,False,False,False,False,True,False,False,False,False,True,False
63.06,3,7.0,1,15,True,False,False,False,True,True,False,False,False,False,True,False,True
51.71,4,9.8,3,13,False,False,False,True,True,True,False,False,True,False,False,True,False
52.34,3,9.2,3,14,False,False,False,True,True,False,False,True,False,False,False,False,False
43.06,5,7.7,2,16,False,False,False,True,True,False,False,False,False,False,True,False,True
59.61,10,5.3,3,11,False,True,True,False,True,True,True,False,False,False,False,False,False
14.62,5,4.4,3,12,False,False,False,True,True,True,False,False,True,False,False,False,False
46.53,6,4.3,3,10,False,True,True,False,False,True,False,False,True,False,False,True,False
24.24,7,9.4,1,17,False,True,True,False,False,False,False,False,False,True,False,False,True
45.58,1,9.8,2,14,False,False,False,True,False,False,False,False,False,False,True,False,False
75.2,3,4.8,2,11,False,False,False,True,False,False,False,False,False,False,True,False,True
96.8,3,5.3,3,13,True,False,False,False,False,True,False,False,False,False,True,False,False
14.82,3,8.7,3,11,True,False,False,False,True,True,False,False,True,False,False,True,False
52.2,3,9.5,2,13,False,False,False,True,True,True,False,True,False,False,False,True,False
46.66,9,5.3,2,19,False,True,True,False,True,False,False,False,False,False,True,False,True
36.85,5,9.2,1,18,False,True,True,False,True,False,True,False,False,False,False,False,False
70.32,2,9.6,3,14,False,False,False,True,False,False,False,False,False,True,False,False,True
83.08,1,6.4,1,17,False,True,True,False,True,True,False,False,False,False,False,False,True
64.99,1,4.5,1,10,False,True,True,False,True,False,True,False,False,False,False,True,False
77.56,10,6.9,3,20,False,True,True,False,True,True,False,True,False,False,False,False,True
54.51,6,7.8,3,13,True,False,False,False,True,False,False,False,False,False,True,False,True
51.89,7,4.5,1,20,False,True,True,False,False,False,True,False,False,False,False,False,False
31.75,4,8.6,2,15,True,False,False,False,True,True,False,False,False,True,False,False,False
53.65,7,5.2,2,12,False,False,False,True,False,False,True,False,False,False,False,False,True
49.79,4,6.4,3,19,False,True,True,False,False,False,False,True,False,False,False,True,False
30.61,1,5.2,1,12,False,False,False,True,True,True,True,False,False,False,False,False,True
57.89,2,8.9,1,10,True,False,False,False,False,True,False,True,False,False,False,False,True
28.96,1,6.2,2,10,False,False,False,True,True,False,False,False,False,False,False,True,False
98.97,9,6.7,3,11,False,True,True,False,False,False,False,True,False,False,False,False,False
93.22,3,7.2,1,11,True,False,False,False,False,True,True,False,False,False,False,False,False
80.93,1,9.0,1,16,False,True,True,False,False,True,False,False,False,False,True,True,False
67.45,10,4.2,2,11,False,False,False,True,False,True,False,True,False,False,False,False,True
38.72,9,4.2,3,12,False,False,False,True,False,False,False,False,False,False,True,False,True
72.6,6,6.9,1,19,True,False,False,False,False,True,False,False,False,False,True,False,False
87.91,5,4.4,3,18,False,True,True,False,False,True,False,False,False,False,False,False,True
98.53,6,4.0,1,11,False,False,False,True,False,True,False,True,False,False,False,True,False
43.46,6,8.5,2,17,False,True,True,False,False,False,True,False,False,False,False,False,True
71.68,3,9.2,3,15,False,False,False,True,True,False,False,True,False,False,False,True,False
91.61,1,9.8,3,19,False,False,False,True,False,False,False,True,False,False,False,False,False
94.59,7,4.9,1,15,True,False,False,False,False,False,False,False,False,True,False,True,False
83.25,10,4.4,1,11,True,False,False,False,True,False,True,False,False,False,False,True,False
91.35,1,6.8,2,15,True,False,False,False,False,True,True,False,False,False,False,False,False
78.88,2,9.1,1,16,True,False,False,False,False,False,False,True,False,False,False,False,False
60.87,2,8.7,3,12,False,False,False,True,True,True,False,False,False,False,True,False,True
82.58,10,5.0,3,14,True,False,False,False,False,True,False,False,True,False,False,False,False
53.3,3,7.5,1,14,False,False,False,True,False,True,False,False,False,True,False,False,True
12.09,1,8.2,1,18,False,False,False,True,True,False,True,False,False,False,False,True,False
64.19,10,6.7,1,14,False,False,False,True,True,True,False,False,False,False,True,True,False
78.31,3,5.4,3,16,False,False,False,True,True,True,False,False,False,False,False,False,True
83.77,2,7.0,1,10,False,False,False,True,False,True,False,True,False,False,False,True,False
99.7,3,4.7,3,11,True,False,False,False,True,True,False,False,False,True,False,False,True
79.91,3,5.0,3,19,True,False,False,False,False,True,False,True,False,False,False,True,False
66.47,10,5.0,1,15,True,False,False,False,False,True,False,False,True,False,False,True,False
28.95,7,6.0,3,20,False,False,False,True,True,True,False,False,True,False,False,True,False
46.2,1,6.3,3,12,False,True,True,False,True,False,False,False,False,False,False,False,False
17.63,5,8.5,3,15,True,False,False,False,False,False,False,True,False,False,False,False,False
52.42,3,7.5,2,17,True,False,False,False,True,True,True,False,False,False,False,False,True
98.79,3,6.4,2,20,True,False,False,False,False,False,False,True,False,False,False,False,True
88.55,8,4.7,3,15,False,True,True,False,False,False,False,False,False,False,False,False,True
55.67,2,6.0,3,15,True,False,False,False,False,True,False,False,False,False,False,False,True
72.52,8,4.0,3,19,False,True,True,False,False,False,False,True,False,False,False,True,False
12.05,5,5.5,2,15,False,True,True,False,False,True,False,False,False,False,False,False,True
19.36,9,8.7,1,18,False,False,False,True,False,True,False,False,False,True,False,False,True
70.21,6,7.4,3,14,False,True,True,False,True,True,False,False,True,False,False,False,False
33.63,1,5.6,3,19,True,False,False,False,False,True,True,False,False,False,False,False,False
15.49,2,6.3,1,15,False,True,True,False,False,False,False,False,False,False,True,False,False
24.74,10,7.1,2,16,False,True,True,False,True,True,False,False,False,False,False,False,False
75.66,5,7.8,1,18,True,False,False,False,True,True,False,False,False,False,False,False,True
55.81,6,9.9,1,11,True,False,False,False,True,False,False,False,True,False,False,False,False
72.78,10,7.3,2,17,False,False,False,True,False,True,False,False,False,True,False,False,False
37.32,9,5.1,3,15,True,False,False,False,False,True,False,False,False,False,True,False,True
60.18,4,9.4,2,18,True,False,False,False,False,True,True,False,False,False,False,True,False
15.69,3,5.8,3,14,False,False,False,True,True,False,False,False,False,False,False,True,False
99.69,1,8.0,2,10,False,True,True,False,True,False,False,False,False,False,False,True,False
88.15,3,7.9,1,10,False,False,False,True,False,False,True,False,False,False,False,False,True
27.93,5,5.9,1,15,False,False,False,True,False,False,False,False,False,False,True,False,False
55.45,1,4.9,2,17,False,False,False,True,False,True,True,False,False,False,False,True,False
42.97,3,9.3,2,11,True,False,False,False,True,False,False,False,False,False,True,False,False
17.14,7,7.9,1,12,False,True,True,False,False,True,False,False,False,False,True,True,False
58.75,6,5.9,3,18,True,False,False,False,False,False,True,False,False,False,False,True,False
87.1,10,9.9,2,14,False,True,True,False,False,False,False,True,False,False,False,True,False
98.8,2,7.7,2,11,False,True,True,False,True,False,False,False,False,False,True,False,False
48.63,4,7.6,2,15,False,False,False,True,True,False,True,False,False,False,False,False,True
57.74,3,7.7,2,13,True,False,False,False,False,True,False,True,False,False,False,False,True
17.97,4,6.4,2,20,True,False,False,False,True,False,False,False,True,False,False,False,True
47.71,6,4.4,2,14,False,True,True,False,False,False,False,False,True,False,False,False,True
40.62,2,4.1,1,10,True,False,False,False,True,False,False,False,False,False,True,True,False
56.04,10,4.4,1,19,False,False,False,True,False,True,True,False,False,False,False,False,True
93.4,2,5.5,3,16,True,False,False,False,False,True,False,True,False,False,False,False,False
73.41,3,4.0,3,13,True,False,False,False,True,False,False,False,True,False,False,False,True
33.64,8,9.3,2,17,False,True,True,False,True,True,False,False,True,False,False,True,False
45.48,10,4.8,3,10,False,False,False,True,True,False,False,False,False,False,False,True,False
83.77,2,4.6,2,19,True,False,False,False,False,True,True,False,False,False,False,False,False
64.08,7,7.3,2,19,True,False,False,False,False,False,False,False,False,False,True,True,False
73.47,4,6.0,2,18,False,False,False,True,False,False,False,True,False,False,False,False,False
58.95,10,8.1,2,14,False,True,True,False,True,True,False,False,True,False,False,False,True
48.5,6,9.4,1,13,False,False,False,True,False,True,False,True,False,False,False,False,True
39.48,1,6.5,2,19,True,False,False,False,False,False,False,False,False,False,False,False,False
34.81,1,7.0,1,10,True,False,False,False,True,False,False,False,False,False,True,True,False
49.32,6,7.1,1,13,False,True,True,False,True,False,True,False,False,False,False,False,True
21.48,2,6.6,2,12,False,False,False,True,False,True,True,False,False,False,False,False,True
23.08,6,4.9,1,19,True,False,False,False,False,False,False,False,False,False,True,False,True
49.1,2,6.4,1,12,True,False,False,False,False,False,False,False,False,True,False,True,False
64.83,2,8.0,1,11,True,False,False,False,False,False,False,False,False,False,True,True,False
63.56,10,4.3,1,17,False,False,False,True,False,True,False,False,False,True,False,False,False
72.88,2,6.1,3,12,False,True,True,False,False,True,False,False,False,False,True,False,False
67.1,3,7.5,2,10,False,False,False,True,True,False,False,True,False,False,False,False,False
70.19,9,6.7,1,13,False,True,True,False,False,False,False,False,False,False,True,False,False
55.04,7,5.2,3,19,False,True,True,False,False,True,False,True,False,False,False,False,True
48.63,10,8.8,3,12,False,False,False,True,False,True,False,False,True,False,False,False,False
73.38,7,9.5,2,13,False,True,True,False,False,False,True,False,False,False,False,False,False
52.6,9,7.6,1,14,False,True,True,False,True,False,False,True,False,False,False,False,False
87.37,5,6.6,1,19,False,False,False,True,False,False,False,False,False,True,False,False,False
27.04,4,6.9,1,20,False,False,False,True,False,False,False,False,False,False,True,False,True
62.19,4,4.3,1,19,True,False,False,False,True,True,False,False,False,True,False,False,True
69.58,9,7.8,2,19,False,False,False,True,False,True,False,False,False,False,False,True,False
97.5,10,8.0,1,16,False,True,True,False,True,True,False,False,False,True,False,False,True
60.41,8,9.6,2,12,False,True,True,False,True,False,True,False,False,False,False,False,True
32.32,3,4.3,3,19,True,False,False,False,True,True,False,True,False,False,False,True,False
19.77,10,5.0,2,18,True,False,False,False,False,False,True,False,False,False,False,True,False
80.47,9,9.2,1,11,True,False,False,False,False,True,False,False,True,False,False,False,False
88.39,9,6.3,3,12,True,False,False,False,False,False,False,False,False,True,False,False,False
71.77,7,8.9,3,14,True,False,False,False,True,True,False,False,True,False,False,False,False
43.0,4,7.6,1,20,True,False,False,False,True,False,False,False,False,False,False,False,True
68.98,1,4.8,1,20,False,True,True,False,False,True,False,True,False,False,False,False,False
15.62,8,9.1,1,20,False,True,True,False,True,True,True,False,False,False,False,False,True
25.7,3,6.1,1,17,False,False,False,True,True,True,False,False,False,False,True,False,True
80.62,6,9.1,2,20,False,False,False,True,False,True,False,True,False,False,False,False,False
75.53,4,8.3,3,15,False,True,True,False,False,False,False,False,False,True,False,False,True
77.63,9,7.2,2,15,False,True,True,False,True,False,False,False,False,False,False,False,True
13.85,9,6.0,2,12,False,True,True,False,True,False,False,False,True,False,False,False,True
98.7,8,8.5,1,10,False,True,True,False,False,True,True,False,False,False,False,False,True
35.68,5,6.6,2,18,False,False,False,True,True,False,False,False,True,False,False,True,False
71.46,7,4.5,3,16,False,False,False,True,False,False,True,False,False,False,False,False,True
11.94,3,8.1,1,12,False,False,False,True,False,True,False,False,False,False,False,True,False
45.38,3,7.2,2,13,False,False,False,True,True,True,True,False,False,False,False,True,False
17.48,6,6.1,1,15,True,False,False,False,False,False,True,False,False,False,False,True,False
25.56,7,7.1,2,20,True,False,False,False,True,False,True,False,False,False,False,False,False
90.63,9,5.1,1,15,False,True,True,False,False,False,False,False,False,False,True,False,False
44.12,3,7.9,3,13,True,False,False,False,True,True,False,False,False,True,False,True,False
36.77,7,7.4,1,20,False,True,True,False,False,False,False,True,False,False,False,False,False
23.34,4,7.4,2,18,True,False,False,False,False,True,False,True,False,False,False,False,True
28.5,8,6.6,2,14,False,True,True,False,False,False,False,False,True,False,False,False,False
55.57,3,5.9,1,11,False,True,True,False,False,True,False,False,False,True,False,True,False
69.74,10,8.9,3,17,True,False,False,False,True,True,False,False,False,False,True,True,False
97.26,4,6.8,3,15,False,True,True,False,True,True,True,False,False,False,False,False,True
52.18,7,9.3,3,10,True,False,False,False,False,False,False,False,False,True,False,False,False
22.32,4,4.4,3,16,False,False,False,True,False,False,True,False,False,False,False,True,False
56.0,3,4.8,2,19,False,False,False,True,True,True,False,False,True,False,False,False,True
19.7,1,9.5,2,11,False,False,False,True,False,True,True,False,False,False,False,False,True
75.88,7,8.9,1,10,True,False,False,False,True,True,False,False,False,False,False,False,True
53.72,1,6.4,3,20,True,False,False,False,False,True,False,True,False,False,False,False,True
81.95,10,6.0,3,12,False,True,True,False,False,True,False,False,True,False,False,True,False
81.2,7,8.1,3,15,False,True,True,False,False,False,False,False,False,True,False,True,False
58.76,10,9.0,1,14,False,True,True,False,True,True,False,False,False,False,False,False,True
91.56,8,6.0,1,18,True,False,False,False,False,True,False,False,False,False,False,False,True
93.96,9,9.8,3,11,False,False,False,True,True,True,False,False,False,True,False,False,False
55.61,7,8.5,3,12,False,True,True,False,True,True,False,False,False,True,False,False,False
84.83,1,8.8,1,15,False,True,True,False,True,True,False,True,False,False,False,False,True
71.63,2,8.8,2,14,False,False,False,True,False,False,False,False,False,False,True,False,True
37.69,2,9.5,2,15,False,False,False,True,False,True,False,False,False,True,False,False,True
31.67,8,5.6,1,16,False,True,True,False,False,False,False,False,False,False,True,True,False
38.42,1,8.6,2,16,False,True,True,False,False,False,False,True,False,False,False,False,False
65.23,10,5.2,1,19,True,False,False,False,False,True,True,False,False,False,False,True,False
10.53,5,5.8,1,14,False,True,True,False,False,False,False,False,False,True,False,True,False
12.29,9,8.0,3,19,True,False,False,False,False,False,False,False,False,True,False,True,False
81.23,7,9.0,1,20,False,True,True,False,False,True,False,False,True,False,False,False,False
22.32,4,4.1,3,11,True,False,False,False,False,False,True,False,False,False,False,False,True
27.28,5,8.6,2,10,False,False,False,True,True,False,False,True,False,False,False,True,False
17.42,10,7.0,2,12,False,False,False,True,False,False,False,False,False,False,False,False,True
73.28,5,8.4,1,15,True,False,False,False,True,True,False,False,False,True,False,False,True
84.87,3,7.4,1,18,False,True,True,False,False,False,True,False,False,False,False,False,True
97.29,8,6.2,3,13,False,False,False,True,True,False,True,False,False,False,False,True,False
35.74,8,4.9,2,15,True,False,False,False,False,False,False,False,False,False,False,False,True
96.52,6,4.5,1,11,False,False,False,True,True,False,False,False,False,True,False,False,False
18.85,10,5.6,2,18,False,False,False,True,False,True,False,True,False,False,False,False,True
55.39,4,8.0,3,15,False,False,False,True,True,False,False,True,False,False,False,False,True
77.2,10,5.6,2,10,True,False,False,False,False,False,False,True,False,False,False,True,False
72.13,10,4.2,1,15,True,False,False,False,True,True,False,False,False,False,False,True,False
63.88,8,9.9,1,17,False,False,False,True,False,False,True,False,False,False,False,False,True
10.69,5,7.6,3,11,False,False,False,True,False,False,False,False,True,False,False,False,True
55.5,4,6.6,1,15,False,False,False,True,False,True,False,False,True,False,False,True,False
95.46,8,4.7,3,19,True,False,False,False,True,False,False,False,False,True,False,False,True
76.06,3,9.8,1,20,False,True,True,False,True,False,True,False,False,False,False,True,False
13.69,6,6.3,2,13,True,False,False,False,True,True,False,False,False,False,True,False,False
95.64,4,7.9,3,18,True,False,False,False,True,False,False,False,False,False,False,False,False
11.43,6,7.7,1,17,False,False,False,True,True,False,False,False,False,True,False,False,False
95.54,4,4.5,2,11,True,False,False,False,False,False,False,False,False,False,True,False,True
85.87,7,8.0,2,19,False,True,True,False,False,False,False,False,True,False,False,True,False
67.99,7,5.7,2,16,False,True,True,False,False,False,False,False,False,False,True,False,True
52.42,1,6.3,2,10,False,True,True,False,True,False,False,True,False,False,False,True,False
65.65,2,6.0,1,16,False,True,True,False,False,True,False,True,False,False,False,False,False
28.86,5,8.0,1,18,True,False,False,False,True,False,False,True,False,False,False,True,False
65.31,7,4.2,3,18,False,True,True,False,False,True,False,False,True,False,False,True,False
93.38,1,9.6,1,13,True,False,False,False,True,True,False,False,False,False,True,False,False
25.25,5,6.1,3,17,False,True,True,False,False,True,False,False,False,False,True,False,False
87.87,9,5.6,1,20,True,False,False,False,False,True,False,False,False,False,False,False,True
21.8,8,8.3,2,19,False,True,True,False,True,True,False,False,True,False,False,False,False
94.76,4,7.8,2,16,False,False,False,True,True,False,False,False,False,False,True,False,True
30.62,1,4.1,2,14,False,False,False,True,False,False,True,False,False,False,False,True,False
44.01,8,8.8,3,17,False,True,True,False,True,False,False,False,False,True,False,False,False
10.16,5,4.1,2,13,False,True,True,False,False,False,False,False,True,False,False,False,True
74.58,7,9.0,2,16,False,False,False,True,True,True,False,False,False,False,False,True,False
71.89,8,5.5,2,11,False,True,True,False,True,True,False,False,False,False,False,False,True
10.99,5,9.3,1,10,False,True,True,False,True,False,False,False,True,False,False,True,False
60.47,3,5.6,1,10,False,True,True,False,False,True,False,False,True,False,False,True,False
58.91,7,9.7,1,15,False,False,False,True,True,True,False,False,False,False,True,False,True
46.41,1,4.0,3,20,False,False,False,True,True,True,True,False,False,False,False,True,False
68.55,4,9.2,2,20,False,True,True,False,False,True,False,False,True,False,False,True,False
97.37,10,4.9,1,13,True,False,False,False,True,False,False,False,False,True,False,True,False
92.6,7,9.3,2,12,False,False,False,True,False,True,False,False,False,False,False,True,False
46.61,2,6.6,2,12,False,False,False,True,True,False,False,False,False,False,False,True,False
27.18,2,4.3,3,16,True,False,False,False,True,True,True,False,False,False,False,False,True
60.87,1,5.5,1,13,False,True,True,False,False,False,False,False,False,True,False,False,False
24.49,10,8.1,2,15,False,False,False,True,False,False,False,False,False,False,True,False,False
92.78,1,9.8,3,10,True,False,False,False,True,True,False,False,True,False,False,True,False
86.69,5,9.4,2,18,False,True,True,False,False,True,False,False,False,True,False,False,True
23.01,6,7.9,1,16,True,False,False,False,True,True,False,False,False,False,True,False,True
30.2,8,5.1,3,19,False,True,True,False,False,False,False,False,False,False,False,False,True
67.39,7,6.9,3,13,False,True,True,False,False,True,True,False,False,False,False,False,True
48.96,9,8.0,3,11,False,False,False,True,False,False,True,False,False,False,False,False,False
75.59,9,8.0,2,11,True,False,False,False,False,False,False,False,False,False,False,False,False
77.47,4,4.2,3,16,False,False,False,True,True,False,False,False,False,True,False,False,False
93.18,2,8.5,1,18,False,False,False,True,True,False,False,False,False,False,True,True,False
50.23,4,9.0,1,17,False,False,False,True,True,False,False,False,False,False,False,False,False
17.75,1,8.6,1,10,True,False,False,False,True,False,False,False,True,False,False,False,False
62.18,10,6.0,1,10,False,True,True,False,True,False,True,False,False,False,False,False,True
10.75,8,6.2,3,14,True,False,False,False,True,True,False,False,True,False,False,False,True
40.26,10,5.0,2,18,False,False,False,True,True,False,False,False,False,False,False,True,False
64.97,5,6.5,2,12,False,True,True,False,False,False,False,False,False,False,True,True,False
95.15,1,6.0,3,14,False,False,False,True,True,True,False,False,False,False,False,False,False
48.62,8,5.0,1,10,False,False,False,True,False,False,False,False,False,False,False,False,False
53.21,8,5.0,3,16,True,False,False,False,True,False,False,True,False,False,False,False,True
45.44,7,9.2,1,11,False,True,True,False,True,False,True,False,False,False,False,False,False
33.88,8,9.6,1,20,False,False,False,True,True,True,False,True,False,False,False,False,True
96.16,4,8.4,1,20,True,False,False,False,False,True,False,False,True,False,False,True,False
47.16,5,6.0,2,14,True,False,False,False,False,True,False,True,False,False,False,True,False
52.89,4,6.7,3,16,True,False,False,False,True,True,False,False,False,False,False,False,True
47.68,2,4.1,2,10,False,False,False,True,False,False,False,False,False,True,False,True,False
10.17,1,5.9,2,14,False,True,True,False,False,True,False,False,False,False,True,False,False
68.71,3,8.7,3,10,False,False,False,True,True,False,False,False,True,False,False,False,False
60.08,7,4.5,2,11,True,False,False,False,False,False,False,False,False,False,True,True,False
22.01,4,6.6,1,18,False,False,False,True,False,False,False,False,False,False,True,True,False
72.11,9,7.7,1,13,True,False,False,False,False,False,False,False,True,False,False,True,False
41.28,3,8.5,3,18,False,False,False,True,False,True,True,False,False,False,False,True,False
64.95,10,5.2,3,18,False,True,True,False,True,True,False,False,False,False,False,False,False
74.22,10,4.3,1,14,False,False,False,True,False,False,False,False,False,False,False,True,False
10.56,8,7.6,1,17,False,False,False,True,True,True,False,False,False,False,False,False,False
62.57,4,9.5,2,18,True,False,False,False,True,True,False,False,True,False,False,False,False
11.85,8,4.1,1,16,True,False,False,False,False,False,False,False,False,False,True,False,False
91.3,1,9.2,2,14,False,False,False,True,False,True,False,False,True,False,False,False,True
40.73,7,5.4,3,11,True,False,False,False,False,False,False,False,False,True,False,False,True
52.38,1,5.8,3,19,False,False,False,True,True,True,True,False,False,False,False,False,False
38.54,5,5.6,1,13,False,False,False,True,False,True,True,False,False,False,False,False,True
44.63,6,5.1,1,20,True,False,False,False,True,True,False,False,False,False,True,True,False
55.87,10,5.8,1,15,False,True,True,False,True,True,False,False,False,False,False,False,False
29.22,6,5.0,1,11,False,True,True,False,False,False,False,False,False,False,True,False,True
51.94,3,7.9,2,15,False,False,False,True,True,True,True,False,False,False,False,False,False
60.3,1,6.0,2,17,True,False,False,False,True,True,False,False,False,False,False,False,False
39.47,2,5.0,3,16,False,False,False,True,False,False,False,False,False,False,True,True,False
14.87,2,8.9,2,18,False,True,True,False,False,False,False,True,False,False,False,True,False
21.32,1,5.9,1,12,False,False,False,True,True,True,True,False,False,False,False,False,False
93.78,3,5.9,1,11,False,False,False,True,False,True,False,False,False,False,False,True,False
73.26,1,9.7,1,18,False,False,False,True,False,True,False,False,False,False,False,False,True
22.38,1,8.6,1,17,False,True,True,False,True,False,False,False,False,False,True,True,False
72.88,9,4.0,1,19,False,True,True,False,False,False,False,True,False,False,False,False,False
99.1,6,4.2,1,13,False,False,False,True,True,False,True,False,False,False,False,False,False
74.1,1,9.2,1,11,False,False,False,True,True,True,True,False,False,False,False,False,False
98.48,2,9.2,2,10,False,False,False,True,True,False,True,False,False,False,False,False,True
53.19,7,5.0,1,15,False,True,True,False,True,True,False,False,True,False,False,False,True
52.79,10,10.0,2,11,True,False,False,False,True,False,False,False,False,False,False,False,True
95.95,5,8.8,1,14,False,False,False,True,False,False,False,False,True,False,False,False,True
36.51,9,4.2,2,10,True,False,False,False,True,False,True,False,False,False,False,False,False
21.12,8,6.3,1,19,True,False,False,False,True,True,False,True,False,False,False,False,False
28.31,4,8.2,3,18,False,False,False,True,False,False,False,False,False,True,False,False,False
57.59,6,5.1,2,13,True,False,False,False,True,True,False,False,True,False,False,False,False
47.63,9,5.0,1,12,False,False,False,True,False,False,False,True,False,False,False,False,False
86.27,1,7.0,2,13,False,True,True,False,False,False,False,False,False,True,False,False,True
12.76,2,7.8,1,18,False,False,False,True,False,True,False,False,False,False,True,False,True
11.28,9,4.3,3,11,True,False,False,False,True,False,False,False,False,True,False,True,False
51.07,7,7.0,1,11,True,False,False,False,True,False,False,False,False,True,False,False,False
79.59,3,6.6,1,14,False,False,False,True,False,False,False,False,False,False,False,False,False
33.81,3,7.3,1,15,False,True,True,False,False,True,False,False,True,False,False,False,True
90.53,8,6.5,3,14,True,False,False,False,False,True,False,False,False,False,True,True,False
62.82,2,4.9,1,12,False,True,True,False,False,False,False,False,True,False,False,False,True
24.31,3,4.3,1,19,False,True,True,False,False,True,False,True,False,False,False,True,False
64.59,4,9.3,1,13,False,False,False,True,True,True,False,False,False,False,True,False,True
24.82,7,7.1,2,10,False,False,False,True,False,True,False,True,False,False,False,True,False
56.5,1,9.6,3,15,False,True,True,False,True,True,True,False,False,False,False,False,True
21.43,10,6.2,1,11,True,False,False,False,False,False,False,False,False,False,False,False,False
89.06,6,9.9,1,17,False,False,False,True,False,True,False,False,False,False,True,False,False
23.29,4,5.9,3,11,False,False,False,True,False,True,False,False,False,True,False,True,False
65.26,8,6.3,3,14,False,True,True,False,True,True,False,False,False,True,False,False,True
52.35,1,4.0,2,17,False,True,True,False,False,True,True,False,False,False,False,False,False
39.75,1,6.1,2,20,True,False,False,False,False,True,False,False,False,False,False,False,False
90.02,8,4.5,3,16,False,False,False,True,True,False,False,False,False,False,False,True,False
12.1,8,8.6,1,10,True,False,False,False,False,False,False,False,False,False,False,False,True
33.21,10,6.0,1,14,True,False,False,False,False,False,False,True,False,False,False,False,True
10.18,8,9.5,3,12,False,True,True,False,False,False,True,False,False,False,False,True,False
31.99,10,9.9,2,15,True,False,False,False,False,True,False,False,False,False,True,True,False
34.42,6,7.5,3,12,False,False,False,True,False,False,False,False,False,True,False,False,True
83.34,2,7.6,3,13,False,False,False,True,False,False,False,True,False,False,False,False,False
45.58,7,5.0,1,10,False,False,False,True,True,True,False,False,False,False,True,False,False
87.9,1,6.7,2,19,False,False,False,True,False,True,False,True,False,False,False,False,True
73.47,10,9.5,3,13,False,False,False,True,False,False,False,False,False,False,False,False,True
12.19,8,6.8,3,12,False,True,True,False,True,False,True,False,False,False,False,False,True
76.92,10,5.6,3,19,False,False,False,True,False,True,False,False,False,False,True,False,True
83.66,5,7.2,2,10,False,True,True,False,True,False,False,False,True,False,False,False,False
57.91,8,8.1,2,15,True,False,False,False,True,False,False,False,False,False,False,False,False
92.49,5,8.6,3,16,False,True,True,False,False,False,True,False,False,False,False,True,False
28.38,5,9.4,3,20,True,False,False,False,True,True,False,False,False,False,False,False,False
50.45,6,8.9,2,15,True,False,False,False,False,True,False,False,False,False,False,True,False
99.16,8,4.2,1,17,True,False,False,False,True,True,False,False,True,False,False,True,False
60.74,7,5.0,1,16,False,True,True,False,True,True,True,False,False,False,False,False,True
47.27,6,8.8,2,10,False,True,True,False,False,False,False,True,False,False,False,False,False
85.6,7,5.3,3,13,False,True,True,False,False,True,False,False,True,False,False,False,False
35.04,9,4.6,2,19,False,False,False,True,False,True,False,True,False,False,False,False,True
44.84,9,7.5,1,14,False,True,True,False,False,False,False,False,False,False,False,True,False
45.97,4,5.1,2,12,True,False,False,False,True,True,False,False,False,True,False,False,True
27.73,5,4.2,3,20,False,False,False,True,False,False,False,False,True,False,False,True,False
11.53,7,8.1,1,17,False,False,False,True,True,True,False,True,False,False,False,False,False
58.32,2,6.0,2,12,False,True,True,False,True,False,False,False,True,False,False,False,True
78.38,4,7.9,3,17,False,True,True,False,False,False,False,False,False,True,False,False,False
84.61,10,8.8,2,18,False,True,True,False,True,True,False,False,True,False,False,True,False
82.88,5,6.6,3,14,True,False,False,False,True,False,False,False,True,False,False,True,False
79.54,2,6.2,3,16,False,False,False,True,False,False,False,True,False,False,False,False,True
49.01,10,4.2,1,10,True,False,False,False,True,False,False,False,False,True,False,True,False
29.15,3,7.3,3,20,True,False,False,False,False,False,False,True,False,False,False,True,False
56.13,4,8.6,1,11,False,True,True,False,True,False,False,False,False,False,False,False,True
93.12,8,6.8,2,10,False,False,False,True,True,False,False,False,False,True,False,False,False
51.34,8,7.6,1,10,False,False,False,True,False,True,True,False,False,False,False,False,True
99.6,3,5.8,2,18,False,False,False,True,False,False,False,True,False,False,False,False,False
35.49,6,4.1,2,12,False,True,True,False,True,False,False,False,False,False,False,False,False
42.85,1,9.3,3,15,False,True,True,False,False,True,False,False,False,False,True,True,False
94.67,4,6.8,3,12,False,False,False,True,True,False,True,False,False,False,False,False,False
68.97,3,8.7,2,11,True,False,False,False,True,True,False,False,False,True,False,False,True
26.26,3,6.3,3,12,True,False,False,False,False,False,False,False,False,False,False,False,True
35.79,9,5.1,3,15,False,True,True,False,False,False,False,False,False,True,False,True,False
16.37,6,7.0,2,10,True,False,False,False,True,False,False,False,False,True,False,False,False
12.73,2,5.2,2,12,False,True,True,False,False,False,False,False,False,True,False,True,False
83.14,7,6.6,1,10,False,True,True,False,True,False,False,False,False,False,True,True,False
35.22,6,6.5,3,13,False,True,True,False,False,False,False,False,False,False,True,False,True
13.78,4,9.0,1,11,True,False,False,False,True,False,False,False,False,False,False,False,True
88.31,1,5.2,2,17,True,False,False,False,False,True,False,False,False,False,True,True,False
39.62,9,6.8,1,17,False,False,False,True,False,False,False,False,True,False,False,True,False
88.25,9,7.6,2,20,True,False,False,False,True,False,False,False,False,False,False,True,False
25.31,2,7.2,3,19,True,False,False,False,True,True,False,False,False,False,True,False,True
99.92,6,7.1,3,13,True,False,False,False,True,True,False,False,False,True,False,False,True
83.35,2,9.5,2,14,False,True,True,False,False,False,True,False,False,False,False,True,False
74.44,10,5.1,2,11,False,False,False,True,True,False,False,True,False,False,False,False,True
64.08,7,7.6,1,12,False,True,True,False,True,True,False,False,True,False,False,False,True
63.15,6,9.8,1,20,True,False,False,False,True,False,False,False,False,True,False,False,True
85.72,3,5.1,1,20,False,True,True,False,False,True,False,False,False,True,False,False,True
78.89,7,7.5,1,19,False,True,True,False,True,False,False,False,True,False,False,False,True
89.48,5,7.4,3,10,False,False,False,True,True,False,False,False,False,False,True,False,False
92.09,3,4.2,2,16,False,False,False,True,False,False,False,False,True,False,False,False,False
57.29,6,5.9,3,17,False,True,True,False,True,False,False,True,False,False,False,False,True
66.52,4,6.9,3,18,False,False,False,True,True,True,False,True,False,False,False,False,True
99.82,9,6.6,3,10,False,True,True,False,False,True,True,False,False,False,False,False,False
45.68,10,5.7,1,19,False,False,False,True,True,False,False,False,False,True,False,False,True
50.79,5,5.3,2,14,False,False,False,True,True,True,False,False,True,False,False,True,False
10.08,7,4.2,3,20,False,False,False,True,False,True,False,False,True,False,False,False,False
93.88,7,7.3,1,11,False,False,False,True,True,False,False,False,False,False,False,True,False
84.25,2,5.3,3,14,False,True,True,False,False,True,False,False,False,False,False,True,False
53.78,1,4.7,2,20,True,False,False,False,False,True,True,False,False,False,False,False,True
35.81,5,7.9,2,18,False,True,True,False,False,True,False,False,False,True,False,False,True
26.43,8,8.9,2,14,True,False,False,False,True,False,False,True,False,False,False,False,True
39.91,3,9.3,2,12,True,False,False,False,False,True,False,False,True,False,False,False,True
21.9,3,4.7,1,18,True,False,False,False,False,False,False,False,False,True,False,False,True
62.85,4,8.7,2,13,True,False,False,False,False,False,False,True,False,False,False,False,True
21.04,4,7.6,1,13,False,True,True,False,False,False,False,True,False,False,False,False,False
65.91,6,5.7,2,11,True,False,False,False,False,True,False,False,False,True,False,False,False
42.57,7,6.8,1,11,False,False,False,True,True,False,True,False,False,False,False,False,False
50.49,9,5.4,1,17,False,True,True,False,False,True,False,True,False,False,False,False,False
46.02,6,7.1,2,15,True,False,False,False,True,True,False,False,False,False,False,False,False
15.8,10,7.8,1,12,False,True,True,False,True,False,False,False,False,True,False,False,False
98.66,9,8.4,2,15,False,False,False,True,False,False,False,True,False,False,False,False,False
91.98,1,9.8,3,15,False,True,True,False,False,True,True,False,False,False,False,False,False
20.89,2,9.8,2,18,False,False,False,True,False,True,False,False,False,False,False,False,False
15.5,1,7.4,3,15,False,False,False,True,True,False,True,False,False,False,False,True,False
96.82,3,6.7,3,20,False,True,True,False,False,True,False,False,False,False,False,False,False
33.33,2,6.4,1,14,True,False,False,False,True,True,False,True,False,False,False,True,False
38.27,2,5.8,3,18,True,False,False,False,True,False,False,False,False,False,False,True,False
33.3,9,7.2,3,15,False,False,False,True,True,False,False,False,False,True,False,False,True
81.01,3,9.3,1,12,False,False,False,True,False,True,False,False,False,True,False,True,False
15.8,3,9.5,3,18,False,False,False,True,True,False,False,False,True,False,False,False,False
34.49,5,9.0,3,19,True,False,False,False,False,False,False,False,False,False,False,True,False
84.63,10,9.0,1,11,True,False,False,False,False,False,False,True,False,False,False,True,False
36.91,7,6.7,2,13,True,False,False,False,False,True,False,False,False,True,False,False,True
87.08,7,5.5,1,15,True,False,False,False,True,True,False,False,False,False,False,False,False
80.08,3,5.4,2,15,False,False,False,True,True,True,False,False,False,True,False,False,False
86.13,2,8.2,2,17,False,True,True,False,True,True,True,False,False,False,False,False,False
49.92,2,7.0,3,11,True,False,False,False,False,True,True,False,False,False,False,True,False
74.66,4,8.5,3,10,False,False,False,True,True,False,False,True,False,False,False,False,False
26.6,6,4.9,2,15,True,False,False,False,False,True,False,True,False,False,False,False,True
25.45,1,5.1,3,18,True,False,False,False,True,False,False,False,False,False,False,True,False
67.77,1,6.5,2,20,True,False,False,False,True,False,False,True,False,False,False,True,False
59.59,4,9.8,1,12,False,True,True,False,False,True,False,True,False,False,False,False,False
58.15,4,8.4,1,17,False,False,False,True,True,True,False,False,True,False,False,False,False
97.48,9,7.4,3,14,False,False,False,True,False,False,False,False,False,False,True,False,True
99.96,7,6.1,1,10,False,True,True,False,True,True,False,False,True,False,False,False,False
96.37,7,6.0,1,11,False,True,True,False,True,True,False,False,False,False,False,False,False
63.71,5,8.5,2,19,True,False,False,False,True,False,True,False,False,False,False,False,True
14.76,2,4.3,2,14,True,False,False,False,True,False,False,False,True,False,False,False,True
62.0,8,6.2,1,19,True,False,False,False,False,True,False,False,True,False,False,True,False
82.34,10,4.3,3,19,False,True,True,False,False,True,False,False,False,False,False,False,True
75.37,8,8.4,1,15,True,False,False,False,False,True,False,False,True,False,False,True,False
56.56,5,4.5,3,19,False,False,False,True,True,False,False,True,False,False,False,True,False
76.6,10,6.0,1,18,True,False,False,False,True,False,False,False,False,False,True,False,True
58.03,2,8.8,3,20,False,False,False,True,True,True,False,False,False,False,False,False,True
17.49,10,6.6,2,18,True,False,False,False,True,True,True,False,False,False,False,False,True
60.95,1,5.9,2,11,False,True,True,False,False,False,False,False,False,False,False,False,True
40.35,1,6.2,1,13,False,True,True,False,True,True,False,False,True,False,False,False,True
97.38,10,4.4,3,17,True,False,False,False,True,False,False,False,False,True,False,False,True
31.84,1,7.7,2,13,False,False,False,True,False,True,False,True,False,False,False,False,False
65.82,1,4.1,2,15,False,False,False,True,True,True,False,False,False,True,False,False,False
88.34,7,6.6,2,13,False,False,False,True,False,False,True,False,False,False,False,False,False
